{
    "rmse": 0.8045684495546788,
    "mae": 0.6571708536404793,
    "r2": 0.00944975361366529
}